{
  "model": "baseline_cleaned_lr",
  "n_rows": 49820,
  "n_input_columns": 19,
  "positive_rate": 0.8097350461661983,
  "selected_threshold": {
    "threshold": 0.39,
    "precision": 0.9916034232197642,
    "recall": 0.9513555383423703,
    "f1": 0.9710626185958254
  },
  "validation_default_0_50": {
    "threshold": 0.5,
    "accuracy": 0.9470647265429002,
    "precision": 0.9970341077607514,
    "recall": 0.937412858249419,
    "f1": 0.9663046949856275,
    "roc_auc": 0.982769306496423,
    "pr_auc": 0.9961213364601114,
    "brier_score": 0.04433915184826603,
    "tn": 1499,
    "fp": 18,
    "fn": 404,
    "tp": 6051
  },
  "validation_tuned": {
    "threshold": 0.39,
    "accuracy": 0.9540893125940793,
    "precision": 0.9916034232197642,
    "recall": 0.9513555383423703,
    "f1": 0.9710626185958254,
    "roc_auc": 0.982769306496423,
    "pr_auc": 0.9961213364601114,
    "brier_score": 0.04433915184826603,
    "tn": 1465,
    "fp": 52,
    "fn": 314,
    "tp": 6141
  },
  "test_default_0_50": {
    "threshold": 0.5,
    "accuracy": 0.9436973103171417,
    "precision": 0.9955115511551155,
    "recall": 0.9346802181457611,
    "f1": 0.9641373138144858,
    "roc_auc": 0.9833129893793054,
    "pr_auc": 0.9962404900914568,
    "brier_score": 0.045387234110759025,
    "tn": 1862,
    "fp": 34,
    "fn": 527,
    "tp": 7541
  },
  "test_tuned": {
    "threshold": 0.39,
    "accuracy": 0.9503211561621838,
    "precision": 0.9899081381808772,
    "recall": 0.9483143282102132,
    "f1": 0.9686649363803254,
    "roc_auc": 0.9833129893793054,
    "pr_auc": 0.9962404900914568,
    "brier_score": 0.045387234110759025,
    "tn": 1818,
    "fp": 78,
    "fn": 417,
    "tp": 7651
  }
}