model,band,vehicles,avg_probability,actual_positive_rate
baseline_cleaned_lr,Low,2250,0.08090609657516086,0.18888888888888888
baseline_cleaned_lr,Medium,476,0.5613942184134469,0.8760504201680672
baseline_cleaned_lr,High,7238,0.9814530450506951,0.9983420834484664
