{
  "model": "leakage_aware_lr",
  "n_rows": 49820,
  "n_input_columns": 21,
  "positive_rate": 0.8097350461661983,
  "selected_threshold": {
    "threshold": 0.2,
    "precision": 0.8429063756461803,
    "recall": 0.9093725793958172,
    "f1": 0.8748789030479172
  },
  "validation_default_0_50": {
    "threshold": 0.5,
    "accuracy": 0.7303060712493729,
    "precision": 0.9351121892055791,
    "recall": 0.7166537567776917,
    "f1": 0.8114365900719172,
    "roc_auc": 0.8207854488786268,
    "pr_auc": 0.9547199708189664,
    "brier_score": 0.17908388377437567,
    "tn": 1196,
    "fp": 321,
    "fn": 1829,
    "tp": 4626
  },
  "validation_tuned": {
    "threshold": 0.2,
    "accuracy": 0.7893878575012544,
    "precision": 0.8429063756461803,
    "recall": 0.9093725793958172,
    "f1": 0.8748789030479172,
    "roc_auc": 0.8207854488786268,
    "pr_auc": 0.9547199708189664,
    "brier_score": 0.17908388377437567,
    "tn": 423,
    "fp": 1094,
    "fn": 585,
    "tp": 5870
  },
  "test_default_0_50": {
    "threshold": 0.5,
    "accuracy": 0.7343436370935368,
    "precision": 0.9359819848801673,
    "recall": 0.7212444224095191,
    "f1": 0.8147007350367519,
    "roc_auc": 0.8179146819544421,
    "pr_auc": 0.954134518825998,
    "brier_score": 0.18095475185917703,
    "tn": 1498,
    "fp": 398,
    "fn": 2249,
    "tp": 5819
  },
  "test_tuned": {
    "threshold": 0.2,
    "accuracy": 0.7874347651545563,
    "precision": 0.8416398713826366,
    "recall": 0.9084035696579078,
    "f1": 0.8737482117310443,
    "roc_auc": 0.8179146819544421,
    "pr_auc": 0.954134518825998,
    "brier_score": 0.18095475185917703,
    "tn": 517,
    "fp": 1379,
    "fn": 739,
    "tp": 7329
  }
}