{
  "model": "engineered_full_lr",
  "n_rows": 49820,
  "n_input_columns": 25,
  "positive_rate": 0.8097350461661983,
  "selected_threshold": {
    "threshold": 0.39,
    "precision": 0.9911247377763434,
    "recall": 0.9515104570100698,
    "f1": 0.9709136895352514
  },
  "validation_default_0_50": {
    "threshold": 0.5,
    "accuracy": 0.9464375313597592,
    "precision": 0.9965403624382208,
    "recall": 0.9371030209140201,
    "f1": 0.9659081836327346,
    "roc_auc": 0.9827393848288977,
    "pr_auc": 0.9961258487871794,
    "brier_score": 0.04427830716262124,
    "tn": 1496,
    "fp": 21,
    "fn": 406,
    "tp": 6049
  },
  "validation_tuned": {
    "threshold": 0.39,
    "accuracy": 0.9538384345208228,
    "precision": 0.9911247377763434,
    "recall": 0.9515104570100698,
    "f1": 0.9709136895352514,
    "roc_auc": 0.9827393848288977,
    "pr_auc": 0.9961258487871794,
    "brier_score": 0.04427830716262124,
    "tn": 1462,
    "fp": 55,
    "fn": 313,
    "tp": 6142
  },
  "test_default_0_50": {
    "threshold": 0.5,
    "accuracy": 0.9434965877157768,
    "precision": 0.9949874686716792,
    "recall": 0.9349281110560238,
    "f1": 0.9640232602722218,
    "roc_auc": 0.9832909588121223,
    "pr_auc": 0.996226409154098,
    "brier_score": 0.04534155872643161,
    "tn": 1858,
    "fp": 38,
    "fn": 525,
    "tp": 7543
  },
  "test_tuned": {
    "threshold": 0.39,
    "accuracy": 0.9507226013649137,
    "precision": 0.9908019173468066,
    "recall": 0.947942488844819,
    "f1": 0.9688984607588522,
    "roc_auc": 0.9832909588121223,
    "pr_auc": 0.996226409154098,
    "brier_score": 0.04534155872643161,
    "tn": 1825,
    "fp": 71,
    "fn": 420,
    "tp": 7648
  }
}